Export_timestamp:	2025-11-13T19:55:46
Instrument_IDN:	Keysight Technologies,B2912B,MY63320353,5.0.2331.95
Chip:	NASA-FTJ-04
Device:	05-29
Area:	8300.0
Data_path:	C:\Scratch\Data\Nathan\NextCloud\06 - FeCAP-FTJ\02 - Data\00 - SMU\01 - PWR\NASA-FTJ-04
Device_area_m2:	8300.0
Vwrite_step_V:	0.05
Vmax_pos_V:	1
Vmax_neg_V:	-1.25
Vread_min_V:	
Vread_max_V:	
Read_points:	20
read_tail_avg_points:	10
pulse_duration_s:	0.0005
idle_between_ops_s:	1
nplc:	20
settle_s:	0.25
four_wire:	False
current_limit_A:	0.0008
Cycles_measured:	460

cycle	V_write	R_neg_ohm	R_pos_ohm	I_neg_A	I_pos_A	J_neg_A_per_m2	J_pos_A_per_m2	Vread_min_V	Vread_max_V
1	0.0	9075961.2977725	14548483.7765319	8.81449329446064e-09	6.873568513119533e-09	1.0619871439109205e-12	8.281407847131967e-13	-0.08	0.1
2	0.05	11003274.035417072	15039849.022716751	7.27056326530612e-09	6.649002915451894e-09	8.759714777477254e-13	8.01084688608662e-13	-0.08	0.1
3	0.1	11261216.89432054	15309998.455609487	7.104027988338191e-09	6.5316793002915445e-09	8.5590698654677e-13	7.869493132881379e-13	-0.08	0.1
4	0.15000000000000002	12398785.425101215	16881400.043901484	6.452244897959183e-09	5.923679300291545e-09	7.773789033685763e-13	7.136963012399452e-13	-0.08	0.1
5	0.2	14832984.059082849	20348788.92076668	5.393385422740524e-09	4.914297376093295e-09	6.498054726193402e-13	5.920840212160596e-13	-0.08	0.1
6	0.25	18259327.162426032	25436989.684299517	4.3813224489795915e-09	3.93128279883382e-09	5.278701745758544e-13	4.736485299799783e-13	-0.08	0.1
7	0.30000000000000004	22826583.186591014	32249511.55623168	3.504685714285714e-09	3.1008221574344023e-09	4.2225129087779686e-13	3.7359303101619305e-13	-0.08	0.1
8	0.35000000000000003	28449950.482156165	41077253.979583524	2.8119556851311946e-09	2.4344373177842567e-09	3.387898415820716e-13	2.9330570093786225e-13	-0.08	0.1
9	0.4	35053653.55135412	51596637.644184776	2.282215743440233e-09	1.938110787172012e-09	2.7496575222171484e-13	2.335073237556641e-13	-0.08	0.1
10	0.45	42699823.972154245	65139032.903757565	1.873544023323615e-09	1.5351778425655974e-09	2.2572819558115841e-13	1.849611858512768e-13	-0.08	0.1
11	0.5	50647041.79931368	80112858.69773397	1.5795591836734695e-09	1.2482390670553934e-09	1.9030833538234574e-13	1.503902490428185e-13	-0.08	0.1
12	0.55	58784212.24014122	96147377.39107035	1.3609096209912537e-09	1.0400699708454811e-09	1.639650145772595e-13	1.2530963504162423e-13	-0.08	0.1
13	0.6000000000000001	66233605.73432408	111808693.044391	1.2078460641399415e-09	8.943848396501456e-10	1.4552362218553512e-13	1.077572095964031e-13	-0.08	0.1
14	0.65	73301248.89941275	127238733.99314469	1.0913865889212827e-09	7.859241982507289e-10	1.314923601109979e-13	9.468966243984685e-14	-0.08	0.1
15	0.7000000000000001	79345251.31393884	142191490.06732333	1.008251895043732e-09	7.032769679300291e-10	1.2147613193297976e-13	8.473216481084689e-14	-0.08	0.1
16	0.75	84571496.2004468	156191655.81369933	9.45945189504373e-10	6.402390670553936e-10	1.139692999402859e-13	7.713723699462574e-14	-0.08	0.1
17	0.8	89113592.55083114	168401413.982718	8.977306122448978e-10	5.938192419825073e-10	1.0816031472830093e-13	7.154448698584426e-14	-0.08	0.1
18	0.8500000000000001	93711750.30599757	178774327.38113856	8.536816326530612e-10	5.593644314868804e-10	1.0285320875338086e-13	6.739330499841933e-14	-0.08	0.1
19	0.9	96693259.66227835	189628482.97213623	8.273586005830904e-10	5.273469387755102e-10	9.968175910639642e-14	6.353577575608557e-14	-0.08	0.1
20	0.9500000000000001	99321256.48628615	195798607.14693463	8.054670553935859e-10	5.107288629737609e-10	9.70442235413959e-14	6.153359794864589e-14	-0.08	0.1
21	1.0	102420467.3717654	206362958.14983276	7.810938775510204e-10	4.845830903790088e-10	9.410769609048438e-14	5.838350486494082e-14	-0.08	0.1
22	-0.05	100886507.0914685	200362170.68754014	7.929702623906704e-10	4.990962099125365e-10	9.553858583020125e-14	6.013207348343814e-14	-0.08	0.1
23	-0.1	100025662.56065696	201345433.62644845	7.997947521865889e-10	4.966588921282799e-10	9.63608135164565e-14	5.983842073834698e-14	-0.08	0.1
24	-0.15000000000000002	94387909.54170954	188283600.11417782	8.475661807580176e-10	5.311137026239067e-10	1.0211640732024309e-13	6.39896027257719e-14	-0.08	0.1
25	-0.2	83631203.46033247	164653699.18777242	9.565807580174928e-10	6.0733527696793e-10	1.1525069373704732e-13	7.317292493589518e-14	-0.08	0.1
26	-0.25	70134543.81875435	138143798.43087977	1.14066472303207e-09	7.238833819241982e-10	1.3742948470265905e-13	8.721486529207208e-14	-0.08	0.1
27	-0.3	56200210.38212866	109396628.15990406	1.4234822157434401e-09	9.141049562682217e-10	1.715038814148723e-13	1.1013312726123152e-13	-0.08	0.1
28	-0.35000000000000003	44618466.58167912	86866671.05643041	1.7929795918367343e-09	1.1511895043731778e-09	2.1602163757069088e-13	1.3869753064737082e-13	-0.08	0.1
29	-0.4	34888357.25677831	67861933.61005703	2.2930285714285715e-09	1.4735801749271136e-09	2.762685025817556e-13	1.7753978011170044e-13	-0.08	0.1
30	-0.45	26942617.72274397	52810178.96953947	2.9692734693877552e-09	1.8935743440233234e-09	3.5774379149250063e-13	2.281414872317257e-13	-0.08	0.1
31	-0.5	21603876.85664222	41963346.3015978	3.703039067055393e-09	2.3830320699708453e-09	4.4614928518739674e-13	2.8711229758684883e-13	-0.08	0.1
32	-0.55	17605796.464673948	33892744.778738685	4.543958017492711e-09	2.9504839650145767e-09	5.47464821384664e-13	3.5547999578488876e-13	-0.08	0.1
33	-0.6000000000000001	14604980.000119224	28166747.143087074	5.477583673469388e-09	3.550285714285715e-09	6.599498401770347e-13	4.2774526678141143e-13	-0.08	0.1
34	-0.6500000000000001	12859831.584946126	24461560.405077733	6.2209212827988326e-09	4.088046647230321e-09	7.49508588289016e-13	4.925357406301592e-13	-0.08	0.1
35	-0.7000000000000001	11649113.750369346	21807962.767513134	6.86747521865889e-09	4.585481049562682e-09	8.274066528504686e-13	5.524675963328532e-13	-0.08	0.1
36	-0.7500000000000001	10819028.87387473	19920804.637888562	7.394379008746354e-09	5.019877551020407e-09	8.908890371983558e-13	6.048045242193262e-13	-0.08	0.1
37	-0.8	10177491.898063665	18494653.8048841	7.86048279883382e-09	5.406967930029155e-09	9.47046120341424e-13	6.514419192806211e-13	-0.08	0.1
38	-0.8500000000000001	9737231.026735654	17459700.16146405	8.21588804664723e-09	5.7274752186588924e-09	9.898660297165338e-13	6.900572552601076e-13	-0.08	0.1
39	-0.9000000000000001	9403685.696473151	16689438.261729319	8.507302623906706e-09	5.991813411078717e-09	1.0249762197477959e-12	7.219052302504478e-13	-0.08	0.1
40	-0.9500000000000001	9169916.68475698	16109503.291880716	8.724179591836733e-09	6.207516034985423e-09	1.0511059749200885e-12	7.478934981910148e-13	-0.08	0.1
41	-1.0	8961168.097405545	15622409.549436959	8.927407580174928e-09	6.401061224489795e-09	1.075591274719871e-12	7.71212195721662e-13	-0.08	0.1
42	-1.05	8815708.513095828	15282004.214803496	9.07471020408163e-09	6.5436443148688044e-09	1.0933385788050157e-12	7.883908813094945e-13	-0.08	0.1
43	-1.1	8687586.780886905	14971249.091031307	9.208541107871718e-09	6.679469387755101e-09	1.10946278408093e-12	8.047553479223014e-13	-0.08	0.1
44	-1.1500000000000001	8579984.971268307	14743582.028476179	9.324025655976676e-09	6.782612244897958e-09	1.1233765850574308e-12	8.171821981804769e-13	-0.08	0.1
45	-1.2000000000000002	8514669.310599746	14551298.204887372	9.395549854227404e-09	6.872239067055393e-09	1.1319939583406511e-12	8.279806104886016e-13	-0.08	0.1
46	-1.2500000000000002	8432656.753992604	14340004.43160487	9.486927113702625e-09	6.973498542274052e-09	1.1430032667111597e-12	8.40180547261934e-13	-0.08	0.1
47	0.0	10777433.123356678	14711622.181523403	7.422917784256559e-09	6.797346938775511e-09	8.943274438863325e-13	8.189574625030736e-13	-0.08	0.1
48	0.05	10976779.790436313	14881158.97763401	7.2881119533527696e-09	6.719906705539358e-09	8.780857775123819e-13	8.096273139204045e-13	-0.08	0.1
49	0.1	11089657.455676934	15025828.654737124	7.213928862973762e-09	6.655206997084548e-09	8.691480557799714e-13	8.018321683234395e-13	-0.08	0.1
50	0.15000000000000002	11997495.566523142	16288284.591947606	6.6680583090378996e-09	6.13938192419825e-09	8.033805191611927e-13	7.396845691805121e-13	-0.08	0.1
51	0.2	14195445.207236947	19455363.27076988	5.635610495626822e-09	5.139970845481049e-09	6.78989216340581e-13	6.192735958410903e-13	-0.08	0.1
52	0.25	17562634.0878951	24350038.548311755	4.555125364431486e-09	4.106769679300292e-09	5.488102848712635e-13	4.947915276265412e-13	-0.08	0.1
53	0.30000000000000004	21701526.19304615	30587312.061923705	3.6863766763848393e-09	3.2693294460641396e-09	4.441417682391373e-13	3.9389511398363125e-13	-0.08	0.1
54	0.35000000000000003	27061357.486055117	38832885.000317015	2.9562448979591837e-09	2.5751370262390662e-09	3.561740840914679e-13	3.1025747304085133e-13	-0.08	0.1
55	0.4	33356673.279651456	49144203.133193694	2.398320699708455e-09	2.034827988338192e-09	2.8895430116969337e-13	2.451599985949629e-13	-0.08	0.1
56	0.45	40469493.3172242	61336747.68601308	1.976797667638484e-09	1.6303440233236151e-09	2.381683936913836e-13	1.9642699076188133e-13	-0.08	0.1
57	0.5	48112125.097136006	75508748.44799803	1.6627825072886295e-09	1.3243498542274052e-09	2.0033524184200355e-13	1.595602234008922e-13	-0.08	0.1
58	0.55	55742084.7864737	90091983.12679593	1.4351813411078715e-09	1.1099766763848396e-09	1.729134145913098e-13	1.3373212968492043e-13	-0.08	0.1
59	0.6000000000000001	62787394.19500338	104957160.34271728	1.2741411078717198e-09	9.527696793002915e-10	1.5351097685201443e-13	1.1479152762654114e-13	-0.08	0.1
60	0.65	69406503.57150084	120174621.08206211	1.1526297376093296e-09	8.321224489795918e-10	1.388710527240156e-13	1.0025571674452914e-13	-0.08	0.1
61	0.7000000000000001	75275755.06191048	132915856.12536718	1.0627591836734692e-09	7.523556851311953e-10	1.2804327514138182e-13	9.06452632688187e-14	-0.08	0.1
62	0.75	79695530.5445319	147344364.82980222	1.0038204081632654e-09	6.786822157434403e-10	1.2094221785099584e-13	8.176894165583618e-14	-0.08	0.1
63	0.8	84579420.81590782	157198115.45582873	9.45856559766764e-10	6.361399416909621e-10	1.1395862165864626e-13	7.664336646879062e-14	-0.08	0.1
64	0.8500000000000001	87830259.70101863	169158841.6318157	9.108478134110787e-10	5.911603498542274e-10	1.0974070041097334e-13	7.12241385366539e-14	-0.08	0.1
65	0.9	91758826.77110587	176123234.91655973	8.718507288629738e-10	5.677842565597667e-10	1.0504225648951491e-13	6.840774175418876e-14	-0.08	0.1
66	0.9500000000000001	94102541.59167726	184285744.98721287	8.501364431486882e-10	5.426355685131195e-10	1.0242607748779376e-13	6.537777933893006e-14	-0.08	0.1
67	1.0	96579454.19937603	190589438.12233287	8.28333527696793e-10	5.246880466472304e-10	9.979922020443289e-14	6.321542730689522e-14	-0.08	0.1
68	-0.05	95304780.79900418	185535781.90079516	8.394122448979591e-10	5.389795918367347e-10	1.0113400540939266e-13	6.493730022129334e-14	-0.08	0.1
69	-0.1	94112353.13808452	186263223.0597129	8.500478134110785e-10	5.368746355685131e-10	1.0241539920615404e-13	6.468369103235098e-14	-0.08	0.1
70	-0.15000000000000002	89617908.95029473	176847879.8878073	8.926787172011661e-10	5.654577259475219e-10	1.0755165267483929e-13	6.812743686114721e-14	-0.08	0.1
71	-0.2	78956576.18503922	151753796.05705592	1.0132151603498543e-09	6.589620991253644e-10	1.2207411570480173e-13	7.939302399100776e-14	-0.08	0.1
72	-0.25	66296847.517250724	126916701.20182347	1.2066938775510201e-09	7.879183673469387e-10	1.453848045242193e-13	9.492992377673961e-14	-0.08	0.1
73	-0.3	53683334.06371883	102211706.36930907	1.4902204081632653e-09	9.783615160349855e-10	1.7954462748955003e-13	1.1787488144999825e-13	-0.08	0.1
74	-0.35000000000000003	42657447.020197	81296188.32273878	1.875405247813411e-09	1.2300699708454807e-09	2.2595243949559169e-13	1.4820120130668443e-13	-0.08	0.1
75	-0.4	33556324.731304824	64139243.86750291	2.3840513119533528e-09	1.5591078717201165e-09	2.8723509782570517e-13	1.8784432189398995e-13	-0.08	0.1
76	-0.45	26277484.103271283	50288683.43347086	3.044431486880466e-09	1.9885189504373177e-09	3.667989743229477e-13	2.3958059643823103e-13	-0.08	0.1
77	-0.5	21081641.88498151	40116959.064327486	3.79477084548105e-09	2.4927113702623907e-09	4.572013066844639e-13	3.0032667111595066e-13	-0.08	0.1
78	-0.55	17211997.615410708	32720640.14164317	4.647920699708455e-09	3.0561749271137026e-09	5.599904457480067e-13	3.682138466402051e-13	-0.08	0.1
79	-0.6000000000000001	14357111.165060738	27264893.945126824	5.572151603498541e-09	3.6677201166180753e-09	6.713435666865712e-13	4.41893989953985e-13	-0.08	0.1
80	-0.6500000000000001	12734105.200786768	23809226.318149578	6.282341690962099e-09	4.20005247813411e-09	7.569086374653131e-13	5.060304190523024e-13	-0.08	0.1
81	-0.7000000000000001	11583188.909316126	21375191.317310043	6.906560932944606e-09	4.678320699708455e-09	8.32115775053567e-13	5.636530963504162e-13	-0.08	0.1
82	-0.7500000000000001	10723783.475868989	19496545.757767636	7.460053644314867e-09	5.129113702623908e-09	8.988016438933575e-13	6.179655063402298e-13	-0.08	0.1
83	-0.8	10153336.09614588	18232771.35998401	7.879183673469386e-09	5.48462973760933e-09	9.492992377673958e-13	6.607987635673892e-13	-0.08	0.1
84	-0.8500000000000001	9742275.625167225	17281198.86175847	8.211633819241981e-09	5.78663556851312e-09	9.893534721978292e-13	6.971850082545928e-13	-0.08	0.1
85	-0.9000000000000001	9417912.595181325	16552935.612458618	8.494451311953352e-09	6.041224489795919e-09	1.0234278689100425e-12	7.278583722645685e-13	-0.08	0.1
86	-0.9500000000000001	9154199.962956183	15972105.160712909	8.739158017492711e-09	6.260915451895043e-09	1.052910604517194e-12	7.543271628789208e-13	-0.08	0.1
87	-1.0	8980068.437023018	15540909.745826837	8.908618075801747e-09	6.4346297376093296e-09	1.0733274790122587e-12	7.752565948926903e-13	-0.08	0.1
88	-1.05	8820618.955432987	15172573.648911072	9.069658309037901e-09	6.590839650145772e-09	1.0927299167515543e-12	7.940770662826231e-13	-0.08	0.1
89	-1.1	8696207.743529312	14891715.951155173	9.199412244897958e-09	6.715142857142857e-09	1.1083629210720432e-12	8.090533562822719e-13	-0.08	0.1
90	-1.1500000000000001	8604194.030344961	14670018.673265755	9.297791253644315e-09	6.816623906705538e-09	1.120215813692086e-12	8.212799887597034e-13	-0.08	0.1
91	-1.2000000000000002	8532779.805522276	14509195.784465263	9.375608163265306e-09	6.892180758017493e-09	1.1295913449717236e-12	8.303832238575293e-13	-0.08	0.1
92	-1.2500000000000002	8474538.582375234	14368995.812464079	9.440041982507288e-09	6.959428571428571e-09	1.1373544557237697e-12	8.384853700516351e-13	-0.08	0.1
93	0.0	10789284.950362999	14701797.819847684	7.414763848396501e-09	6.801889212827989e-09	8.933450419754821e-13	8.19504724437107e-13	-0.08	0.1
94	0.05	10965445.101163426	14878951.272519058	7.295645481049561e-09	6.720903790087462e-09	8.789934314517544e-13	8.097474445888509e-13	-0.08	0.1
95	0.1	11089112.495974945	15010835.81034006	7.214283381924197e-09	6.6618542274052475e-09	8.691907689065298e-13	8.026330394464154e-13	-0.08	0.1
96	0.15000000000000002	11970606.054683687	16247530.896361595	6.683036734693875e-09	6.154781341107872e-09	8.051851487582983e-13	7.415399206154063e-13	-0.08	0.1
97	0.2	14113762.687984625	19334509.56297244	5.668226239067054e-09	5.1720991253644315e-09	6.829188239839824e-13	6.231444729354737e-13	-0.08	0.1
98	0.25	17302067.874549415	24017017.77259315	4.623724781341108e-09	4.163714285714286e-09	5.570752748603745e-13	5.016523235800344e-13	-0.08	0.1
99	0.30000000000000004	21486623.793648228	30291683.299126398	3.7232466472303207e-09	3.301236151603499e-09	4.4858393340124347e-13	3.977392953739155e-13	-0.08	0.1
100	0.35000000000000003	26828104.59049988	38463867.513843626	2.981947521865889e-09	2.599842565597668e-09	3.5927078576697457e-13	3.1323404404791177e-13	-0.08	0.1
101	0.4	33159383.52549019	48743470.08032016	2.4125900874635566e-09	2.051556851311953e-09	2.906735045136815e-13	2.4717552425445213e-13	-0.08	0.1
102	0.45	39863603.71626412	60255779.63600591	2.0068431486880467e-09	1.6595918367346938e-09	2.4178833116723455e-13	1.9995082370297516e-13	-0.08	0.1
103	0.5	47201358.51840028	73408553.9156936	1.6948664723032068e-09	1.3622390670553936e-09	2.0420077979556708e-13	1.6412518880185465e-13	-0.08	0.1
104	0.55	54595752.673281826	87498214.3221567	1.4653154518950438e-09	1.1428804664723031e-09	1.7654403034880046e-13	1.3769644174365098e-13	-0.08	0.1
105	0.6000000000000001	61550056.52556213	101992268.80761227	1.299755102040816e-09	9.804664723032069e-10	1.5659700024588145e-13	1.1812849063894058e-13	-0.08	0.1
106	0.65	67653393.7151378	115603429.6807593	1.1824979591836735e-09	8.650262390670553e-10	1.4246963363658715e-13	1.0422002880325968e-13	-0.08	0.1
107	0.7000000000000001	73277445.92850856	127779102.3424927	1.09174110787172e-09	7.826005830903791e-10	1.3153507323755665e-13	9.428922687835892e-14	-0.08	0.1
108	0.75	78055307.76092774	140399996.7253645	1.0249142857142859e-09	7.122507288629738e-10	1.2348364888123926e-13	8.581334082686432e-14	-0.08	0.1
109	0.8	82184428.56663649	148924530.43183774	9.734204081632652e-10	6.714810495626822e-10	1.1727956724858617e-13	8.090133127261231e-14	-0.08	0.1
110	0.8500000000000001	84036084.06548445	157637369.7078883	9.519720116618075e-10	6.343673469387755e-10	1.1469542309178403e-13	7.642980083599705e-14	-0.08	0.1
111	0.9	88397960.91933881	167215927.92652252	9.049982507288629e-10	5.980291545189503e-10	1.0903593382275456e-13	7.205170536372895e-14	-0.08	0.1
112	0.9500000000000001	91184117.48129795	173549621.02429697	8.773457725947522e-10	5.76204081632653e-10	1.0570430995117496e-13	6.942217850995819e-14	-0.08	0.1
113	1.0	93275971.7833387	181579476.75465068	8.576699708454809e-10	5.507230320699708e-10	1.0333373142716638e-13	6.63521725385507e-14	-0.08	0.1
114	-0.05	91955132.32960151	174455272.31298193	8.699895043731778e-10	5.732128279883381e-10	1.0481801257508166e-13	6.906178650461905e-14	-0.08	0.1
115	-0.1	91377969.11797616	174996428.6443134	8.754845481049562e-10	5.714402332361516e-10	1.054800660367417e-13	6.884822087182549e-14	-0.08	0.1
116	-0.15000000000000002	86268907.4784831	166138704.02123478	9.273329446064138e-10	6.019067055393585e-10	1.1172686079595348e-13	7.251888018546489e-14	-0.08	0.1
117	-0.2	76494201.60570921	145726764.44097006	1.0458309037900872e-09	6.862157434402332e-10	1.2600372334820326e-13	8.267659559520881e-14	-0.08	0.1
118	-0.25	64121018.60818133	121960759.21461542	1.2476408163265304e-09	8.199358600583088e-10	1.5031817064175064e-13	9.878745301907336e-14	-0.08	0.1
119	-0.3	52133047.1842075	98540565.3872673	1.5345352769679298e-09	1.0148104956268221e-09	1.8488376830938912e-13	1.2226632477431592e-13	-0.08	0.1
120	-0.35000000000000003	41548058.86984435	78109343.97260025	1.925481049562682e-09	1.2802565597667639e-09	2.319856686220099e-13	1.5424777828515227e-13	-0.08	0.1
121	-0.4	32886347.467751246	62151867.998854816	2.432620408163265e-09	1.6089620991253645e-09	2.9308679616424883e-13	1.9385085531630897e-13	-0.08	0.1
122	-0.45	25857441.81698661	49114788.27660075	3.093886880466472e-09	2.0360466472303205e-09	3.727574554778882e-13	2.453068249675085e-13	-0.08	0.1
123	-0.5	20750628.266106542	39284135.39397521	3.855304956268222e-09	2.5455568513119534e-09	4.644945730443641e-13	3.0669359654360883e-13	-0.08	0.1
124	-0.55	17111499.126964334	32084441.010463458	4.675218658892127e-09	3.1167755102040817e-09	5.632793564930274e-13	3.7551512171133513e-13	-0.08	0.1
125	-0.6000000000000001	14266794.887579324	26860038.058246348	5.607426239067054e-09	3.723002915451895e-09	6.755935227791631e-13	4.485545681267343e-13	-0.08	0.1
126	-0.6500000000000001	12602362.042714294	23399392.843742542	6.3480163265306115e-09	4.273615160349854e-09	7.648212441603147e-13	5.148933928132354e-13	-0.08	0.1
127	-0.7000000000000001	11476269.884394147	21003643.48917669	6.970906122448979e-09	4.761078717201167e-09	8.398682075239735e-13	5.736239418314659e-13	-0.08	0.1
128	-0.7500000000000001	10704579.81247324	19337409.035249338	7.473436734693878e-09	5.171323615160349e-09	9.004140644209491e-13	6.230510379711264e-13	-0.08	0.1
129	-0.8	10114992.424077103	18058771.56127821	7.909051895043732e-09	5.5374752186588904e-09	9.528978186799678e-13	6.671656889950471e-13	-0.08	0.1
130	-0.8500000000000001	9696436.517175699	17105662.123775177	8.250453644314868e-09	5.84601749271137e-09	9.940305595560081e-13	7.04339456953177e-13	-0.08	0.1
131	-0.9000000000000001	9382962.182011958	16393897.073091928	8.526092128279883e-09	6.099830903790088e-09	1.0272400154554077e-12	7.349193859988057e-13	-0.08	0.1
132	-0.9500000000000001	9154849.881814359	15856784.114738397	8.738537609329445e-09	6.306448979591837e-09	1.0528358565457163e-12	7.598131300713057e-13	-0.08	0.1
133	-1.0	8965351.399954	15453374.061759437	8.923241982507285e-09	6.4710787172011645e-09	1.0750893954828053e-12	7.796480382170078e-13	-0.08	0.1
134	-1.05	8819153.865180591	15112116.03990304	9.07116501457726e-09	6.617206997084547e-09	1.092911447539429e-12	7.972538550704274e-13	-0.08	0.1
135	-1.1	8711398.725545226	14851287.948721057	9.18337026239067e-09	6.733422740524782e-09	1.1064301520952613e-12	8.112557518704557e-13	-0.08	0.1
136	-1.1500000000000001	8619476.498733466	14649542.789050855	9.281306122448978e-09	6.826151603498543e-09	1.1182296533071058e-12	8.22427904035969e-13	-0.08	0.1
137	-1.2000000000000002	8556155.068461712	14491492.268810002	9.34999416909621e-09	6.900600583090378e-09	1.1265053215778566e-12	8.313976606132985e-13	-0.08	0.1
138	-1.2500000000000002	8492158.989061704	14332717.959689546	9.420454810495625e-09	6.977043731778425e-09	1.1349945554814006e-12	8.406076785275211e-13	-0.08	0.1
139	0.0	10779492.43989883	14689595.569309626	7.42149970845481e-09	6.807539358600582e-09	8.941565913800976e-13	8.201854648916364e-13	-0.08	0.1
140	0.05	10954798.52113414	14849821.975312063	7.302735860058308e-09	6.7340874635568515e-09	8.798476939829287e-13	8.113358389827532e-13	-0.08	0.1
141	0.1	11071023.033537779	14983426.495590592	7.226071137026237e-09	6.674040816326531e-09	8.706109803646069e-13	8.041013031718711e-13	-0.08	0.1
142	0.15000000000000002	11932941.738020787	16190410.556714114	6.704130612244899e-09	6.176495626822157e-09	8.07726579788542e-13	7.441560996171274e-13	-0.08	0.1
143	0.2	14064501.526182938	19245875.8837392	5.688079300291544e-09	5.195918367346939e-09	6.853107590712703e-13	6.260142611261372e-13	-0.08	0.1
144	0.25	17277560.227157105	23946293.281354293	4.630283381924197e-09	4.176011661807579e-09	5.578654677017105e-13	5.031339351575397e-13	-0.08	0.1
145	0.30000000000000004	21325196.18558765	29970833.04935314	3.751430903790088e-09	3.3365772594752183e-09	4.519796269626612e-13	4.019972601777371e-13	-0.08	0.1
146	0.35000000000000003	26439120.64872198	37863651.11570823	3.0258192419825072e-09	2.6410553935860057e-09	3.6455653517861534e-13	3.181994450103621e-13	-0.08	0.1
147	0.4	32574217.933863893	47647359.53058322	2.455930029154519e-09	2.0987521865889214e-09	2.9589518423548423e-13	2.528617092275809e-13	-0.08	0.1
148	0.45	39299528.863957174	59022531.80849856	2.0356478134110787e-09	1.694268221574344e-09	2.4525877270013e-13	2.0412870139449928e-13	-0.08	0.1
149	0.5	46450781.13150312	71597650.42812473	1.7222530612244894e-09	1.3966938775510205e-09	2.0750036882222764e-13	1.6827637078927957e-13	-0.08	0.1
150	0.55	53587721.38134461	86079685.19429415	1.4928793002915449e-09	1.1617142857142856e-09	1.7986497593874033e-13	1.3996557659208262e-13	-0.08	0.1
151	0.6000000000000001	60259802.319738865	99157594.0840787	1.3275848396501458e-09	1.0084956268221575e-09	1.5994998068074046e-13	1.2150549720748887e-13	-0.08	0.1
152	0.65	66409033.17741086	112421419.72192907	1.2046553935860058e-09	8.895102040816326e-10	1.4513920404650671e-13	1.071699041062208e-13	-0.08	0.1
153	0.7000000000000001	71557918.10269292	124535261.99604973	1.1179755102040815e-09	8.029854227405247e-10	1.3469584460290139e-13	9.674523165548491e-14	-0.08	0.1
154	0.75	76787033.5131747	136431617.13231084	1.0418425655976675e-09	7.329679300291545e-10	1.2552320067441777e-13	8.83093891601391e-14	-0.08	0.1
155	0.8	81055278.28191167	145327898.71958917	9.869807580174928e-10	6.880991253644315e-10	1.1891334433945697e-13	8.290350908005199e-14	-0.08	0.1
156	0.8500000000000001	84137917.50068684	154058982.5819028	9.508198250728864e-10	6.491020408163265e-10	1.1455660543046824e-13	7.820506515859356e-14	-0.08	0.1
157	0.9	86774810.51214848	161126665.2887127	9.219265306122448e-10	6.206297376093294e-10	1.1107548561593311e-13	7.477466718184691e-14	-0.08	0.1
158	0.9500000000000001	88902942.86884354	168464273.78636965	8.998577259475219e-10	5.935976676384839e-10	1.0841659348765323e-13	7.151779128174505e-14	-0.08	0.1
159	1.0	91101289.76053376	175098269.4369289	8.78143440233236e-10	5.711078717201166e-10	1.0580041448593205e-13	6.880817731567671e-14	-0.08	0.1
160	-0.05	89564554.37064579	171537738.30242658	8.932104956268223e-10	5.829620991253643e-10	1.0761572236467738e-13	7.023639748498365e-14	-0.08	0.1
161	-0.1	88789256.24113403	170791216.45172533	9.01009912536443e-10	5.855102040816327e-10	1.0855541114896904e-13	7.054339808212442e-14	-0.08	0.1
162	-0.15000000000000002	84224277.21819244	161357093.12609375	9.498448979591837e-10	6.197434402332362e-10	1.1443914433243178e-13	7.466788436545014e-14	-0.08	0.1
163	-0.2	74235675.54464746	140926085.70606846	1.0776489795918367e-09	7.095918367346938e-10	1.298372264568478e-13	8.549299237767395e-14	-0.08	0.1
164	-0.25	62535096.22747461	118083670.71524966	1.2792816326530612e-09	8.468571428571429e-10	1.5413031718711582e-13	1.0203098106712565e-13	-0.08	0.1
165	-0.3	51050934.84233746	95597498.29986958	1.5670623906705536e-09	1.0460524781341107e-09	1.8880269767115105e-13	1.260304190523025e-13	-0.08	0.1
166	-0.35000000000000003	40957962.562272824	76274427.83060406	1.9532221574344022e-09	1.3110553935860058e-09	2.353279707752292e-13	1.5795848115494044e-13	-0.08	0.1
167	-0.4	32281806.0494034	60425196.07359544	2.4781760932944606e-09	1.6549387755102037e-09	2.9857543292704343e-13	1.99390213916892e-13	-0.08	0.1
168	-0.45	25444877.345305532	47981691.417572215	3.1440513119533526e-09	2.0841282798833817e-09	3.788013628859461e-13	2.5109979275703394e-13	-0.08	0.1
169	-0.5	20447435.188187942	38646668.04878269	3.912471137026239e-09	2.587545189504373e-09	4.713820647019565e-13	3.117524324704064e-13	-0.08	0.1
170	-0.55	16874772.46115851	31560544.718439464	4.7408046647230306e-09	3.168513119533527e-09	5.711812849063893e-13	3.817485686184972e-13	-0.08	0.1
171	-0.6000000000000001	14168261.112377856	26408179.606418036	5.64642332361516e-09	3.786705539358601e-09	6.802919667006217e-13	4.562295830552532e-13	-0.08	0.1
172	-0.6500000000000001	12585668.77601986	23198529.36203368	6.3564361516034996e-09	4.31061807580175e-09	7.658356809160843e-13	5.193515753978012e-13	-0.08	0.1
173	-0.7000000000000001	11441357.538753849	20776420.277301613	6.9921772594752175e-09	4.813148688046646e-09	8.424309951174961e-13	5.798974322947767e-13	-0.08	0.1
174	-0.7500000000000001	10679629.18334775	19161304.66697876	7.490896793002915e-09	5.218851311953352e-09	9.025176859039657e-13	6.287772665004039e-13	-0.08	0.1
175	-0.8	10103783.233493423	17961387.729282614	7.917826239067055e-09	5.5674985422740524e-09	9.539549685622957e-13	6.707829569004883e-13	-0.08	0.1
176	-0.8500000000000001	9704881.07418038	17030141.86157821	8.243274635568511e-09	5.8719416909621e-09	9.931656187431941e-13	7.074628543327831e-13	-0.08	0.1
177	-0.9000000000000001	9369910.403987922	16317435.48904258	8.537968513119533e-09	6.128413994169096e-09	1.0286709051951244e-12	7.38363131827602e-13	-0.08	0.1
178	-0.9500000000000001	9157171.774125945	15815386.942115685	8.736321865889212e-09	6.3229562682215745e-09	1.0525688995047244e-12	7.618019600266957e-13	-0.08	0.1
179	-1.0	8984537.689218817	15399590.182334742	8.904186588921282e-09	6.493679300291544e-09	1.072793564930275e-12	7.823710000351258e-13	-0.08	0.1
180	-1.05	8839190.13432992	15084840.131479993	9.050602915451895e-09	6.6291720116618086e-09	1.0904340861990234e-12	7.986954230917842e-13	-0.08	0.1
181	-1.1	8728330.583357848	14831521.696829861	9.165555685131195e-09	6.7423965014577254e-09	1.1042838174856861e-12	8.12336927886473e-13	-0.08	0.1
182	-1.1500000000000001	8639606.981003948	14615621.926671337	9.259680466472304e-09	6.84199416909621e-09	1.1156241525870246e-12	8.243366468790614e-13	-0.08	0.1
183	-1.2000000000000002	8568175.448255464	14461309.882682096	9.336876967930029e-09	6.9150029154518955e-09	1.1249249358951842e-12	8.331328813797464e-13	-0.08	0.1
184	-1.2500000000000002	8508248.53610995	14331807.671319421	9.402640233236151e-09	6.977486880466472e-09	1.1328482208718255e-12	8.406610699357196e-13	-0.08	0.1
185	0.0	10767919.010180237	14659059.341410778	7.429476384839649e-09	6.821720116618074e-09	8.951176367276685e-13	8.218939899539848e-13	-0.08	0.1
186	0.05	10949482.980098119	14821779.97910259	7.306281049562682e-09	6.7468279883381916e-09	8.802748252485159e-13	8.128708419684569e-13	-0.08	0.1
187	0.1	11063017.268628122	14959091.464159241	7.231300291545189e-09	6.684897959183672e-09	8.712409989813481e-13	8.054093926727316e-13	-0.08	0.1
188	0.15000000000000002	11901159.998778654	16155636.715780433	6.7220338192419835e-09	6.189790087463556e-09	8.098835926797571e-13	7.457578418630791e-13	-0.08	0.1
189	0.2	14006014.010914074	19139364.70701148	5.711832069970845e-09	5.2248338192419825e-09	6.881725385507042e-13	6.294980505110822e-13	-0.08	0.1
190	0.25	17084940.54639931	23704805.371799164	4.6824862973760934e-09	4.218553935860058e-09	5.641549755874811e-13	5.082595103445852e-13	-0.08	0.1
191	0.30000000000000004	21162702.31049818	29748585.42440737	3.78023556851312e-09	3.361504373177843e-09	4.554500684955566e-13	4.0500052688889676e-13	-0.08	0.1
192	0.35000000000000003	26299687.624118425	37644156.266050905	3.041861224489796e-09	2.6564548104956263e-09	3.664893041553971e-13	3.2005479644525617e-13	-0.08	0.1
193	0.4	32202339.598550428	47034108.64193468	2.4842915451895043e-09	2.126116618075802e-09	2.993122343601812e-13	2.561586286838316e-13	-0.08	0.1
194	0.45	38866327.03011404	58268128.522843495	2.058337026239067e-09	1.7162040816326528e-09	2.4799241279988757e-13	2.067715761003196e-13	-0.08	0.1
195	0.5	45874749.895678416	70689292.73610842	1.743878717201166e-09	1.4146413994169097e-09	2.1010586954230916e-13	1.704387228213144e-13	-0.08	0.1
196	0.55	53105346.763980016	83981352.71188764	1.5064396501457727e-09	1.1907405247813411e-09	1.8149875302961116e-13	1.4346271382907725e-13	-0.08	0.1
197	0.6000000000000001	59301726.49283021	96942495.85945317	1.3490332361516032e-09	1.031539358600583e-09	1.6253412483754256e-13	1.242818504338052e-13	-0.08	0.1
198	0.65	65422307.671766944	110508273.62235166	1.2228244897959183e-09	9.049096209912537e-10	1.4732825178264075e-13	1.090252555411149e-13	-0.08	0.1
199	0.7000000000000001	70347718.72397852	121615680.26776725	1.1372081632653061e-09	8.222623906705539e-10	1.3701303171871159e-13	9.906775791211493e-14	-0.08	0.1
200	0.75	75069159.92576252	132955012.36520378	1.0656839650145772e-09	7.52134110787172e-10	1.2839565843549123e-13	9.061856756471952e-14	-0.08	0.1
201	0.8	79122683.9890751	142505775.01537237	1.01108804664723e-09	7.017259475218658e-10	1.218178369454494e-13	8.454529488215251e-14	-0.08	0.1
202	0.8500000000000001	82598058.10279727	150564066.54668367	9.68545772594752e-10	6.641690962099124e-10	1.1669226175840385e-13	8.002037303733884e-14	-0.08	0.1
203	0.9	84905613.67203164	158106775.082741	9.422227405247815e-10	6.324839650145774e-10	1.1352081211141946e-13	7.62028873511539e-14	-0.08	0.1
204	0.9500000000000001	87413478.49577461	165863943.20973328	9.151906705539357e-10	6.029037900874636e-10	1.1026393621131755e-13	7.263901085391128e-14	-0.08	0.1
205	1.0	89422585.59018908	168244469.51488698	8.946285714285713e-10	5.943731778425655e-10	1.0778657487091221e-13	7.161122624609223e-14	-0.08	0.1
206	-0.05	87813170.43947549	167775386.42144397	9.110250728862972e-10	5.960349854227405e-10	1.0976205697425267e-13	7.181144402683621e-14	-0.08	0.1
207	-0.1	87143423.3391937	164924461.7115601	9.180268221574345e-10	6.063381924198251e-10	1.1060564122378728e-13	7.30527942674488e-14	-0.08	0.1
208	-0.15000000000000002	82484837.69965902	155117989.16435272	9.698752186588918e-10	6.446705539358601e-10	1.1685243598299902e-13	7.767115107660964e-14	-0.08	0.1
209	-0.2	72681502.45167632	137407760.5339273	1.1006927113702627e-09	7.277609329446065e-10	1.3261357968316417e-13	8.768204011380801e-14	-0.08	0.1
210	-0.25	61178770.43156896	114911722.33575664	1.3076431486880467e-09	8.702332361516035e-10	1.5754736731181286e-13	1.0484737784959078e-13	-0.08	0.1
211	-0.3	49996210.19980993	93218174.0108818	1.6001212827988338e-09	1.0727521865889213e-09	1.9278569672275105e-13	1.2924725139625556e-13	-0.08	0.1
212	-0.35000000000000003	40020908.883008264	74932058.68731268	1.9989551020408163e-09	1.334542274052478e-09	2.4083796410130317e-13	1.607882257894552e-13	-0.08	0.1
213	-0.4	31474704.614944156	59188955.99654876	2.5417236151603496e-09	1.6895043731778425e-09	3.062317608626927e-13	2.0355474375636656e-13	-0.08	0.1
214	-0.45	25135939.26336309	47292862.776242726	3.18269387755102e-09	2.1144839650145767e-09	3.8345709368084575e-13	2.547571042186237e-13	-0.08	0.1
215	-0.5	20248818.425362147	37971964.955086805	3.950847813411079e-09	2.633521865889213e-09	4.760057606519372e-13	3.172917910709895e-13	-0.08	0.1
216	-0.55	16724071.350836886	31134889.41214061	4.783524198250729e-09	3.2118309037900873e-09	5.763282166567143e-13	3.8696757876989006e-13	-0.08	0.1
217	-0.6000000000000001	13978467.45462296	25983234.374834295	5.72308804664723e-09	3.848635568513119e-09	6.895286803189434e-13	4.636910323509782e-13	-0.08	0.1
218	-0.6500000000000001	12535156.912389852	22972985.644228164	6.382050145772594e-09	4.352938775510203e-09	7.689217043099511e-13	5.244504548807473e-13	-0.08	0.1
219	-0.7000000000000001	11412570.064196542	20680740.020789273	7.009814577259473e-09	4.83541690962099e-09	8.445559731637919e-13	5.825803505567458e-13	-0.08	0.1
220	-0.7500000000000001	10641981.406627938	19054115.91124226	7.517397084548105e-09	5.248209912536443e-09	9.057104921142295e-13	6.323144472935474e-13	-0.08	0.1
221	-0.8	10075812.41011083	17818848.289390564	7.939806413994169e-09	5.612034985422741e-09	9.56603182408936e-13	6.761487934244267e-13	-0.08	0.1
222	-0.8500000000000001	9668911.658283183	16934608.71179468	8.273940524781343e-09	5.905067055393587e-09	9.968603041905233e-13	7.114538620956129e-13	-0.08	0.1
223	-0.9000000000000001	9390283.164947031	16286227.35953248	8.519444897959185e-09	6.140157434402331e-09	1.0264391443324318e-12	7.397780041448592e-13	-0.08	0.1
224	-0.9500000000000001	9143258.060061878	15778341.443308832	8.749616326530611e-09	6.337801749271138e-09	1.054170641750676e-12	7.635905722013419e-13	-0.08	0.1
225	-1.0	8967934.535646625	15376766.647031032	8.920671720116618e-09	6.503317784256559e-09	1.0747797253152552e-12	7.835322631634408e-13	-0.08	0.1
226	-1.05	8823464.344200516	15043107.493748123	9.066733527696792e-09	6.647562682215742e-09	1.0923775334574448e-12	8.009111665320171e-13	-0.08	0.1
227	-1.1	8713921.696648825	14789722.910444995	9.180711370262389e-09	6.761451895043732e-09	1.1061098036460709e-12	8.146327584390038e-13	-0.08	0.1
228	-1.1500000000000001	8629035.017278196	14580209.002832728	9.271025072886297e-09	6.858612244897959e-09	1.1169909726369033e-12	8.263388246865011e-13	-0.08	0.1
229	-1.2000000000000002	8568012.785573367	14427331.675522162	9.337054227405245e-09	6.931288629737609e-09	1.1249462924584633e-12	8.350950156310372e-13	-0.08	0.1
230	-1.2500000000000002	8515713.601903548	14318394.336094044	9.394397667638483e-09	6.98402332361516e-09	1.1318551406793353e-12	8.414485932066458e-13	-0.08	0.1
231	0.0	10749453.12548968	14650493.888223993	7.442239067055394e-09	6.825708454810496e-09	8.966553092837824e-13	8.223745126277706e-13	-0.08	0.1
232	0.05	10922057.269791376	14811807.990603356	7.324627405247811e-09	6.75137026239067e-09	8.824852295479291e-13	8.134181039024904e-13	-0.08	0.1
233	0.1	11028414.081902213	14931623.611641966	7.253989504373177e-09	6.697195335276968e-09	8.739746390811057e-13	8.068910042502371e-13	-0.08	0.1
234	0.15000000000000002	11911368.307148004	16179672.670598846	6.716272886297375e-09	6.180594752186589e-09	8.091895043731777e-13	7.446499701429625e-13	-0.08	0.1
235	0.2	13999280.037026668	19168629.16917685	5.714579591836734e-09	5.216857142857141e-09	6.885035652815342e-13	6.285370051635109e-13	-0.08	0.1
236	0.25	16998711.46793538	23485236.48195266	4.706239067055392e-09	4.2579941690962095e-09	5.670167550669147e-13	5.130113456742421e-13	-0.08	0.1
237	0.30000000000000004	21021252.91570294	29487164.056952354	3.805672303206997e-09	3.3913061224489795e-09	4.585147353261441e-13	4.085910990902385e-13	-0.08	0.1
238	0.35000000000000003	26003444.8878592	37203510.79661069	3.0765154518950433e-09	2.6879183673469385e-09	3.706645122765112e-13	3.23845586427342e-13	-0.08	0.1
239	0.4	31848967.18349276	46469912.42521461	2.511855393586006e-09	2.151930029154519e-09	3.026331799501212e-13	2.5926867821138783e-13	-0.08	0.1
240	0.45	38359252.855695404	57248149.86664354	2.085546355685131e-09	1.7467813411078713e-09	2.512706452632688e-13	2.104555832660086e-13	-0.08	0.1
241	0.5	45242422.883432835	69626008.86665909	1.7682518950437316e-09	1.4362448979591836e-09	2.1304239699322068e-13	1.7304155397098597e-13	-0.08	0.1
242	0.55	52157146.59351489	82696434.16833426	1.533826239067055e-09	1.2092419825072886e-09	1.8479834205627167e-13	1.4569180512136008e-13	-0.08	0.1
243	0.6000000000000001	58479532.1637427	94694878.19422667	1.3679999999999998e-09	1.0560233236151601e-09	1.648192771084337e-13	1.272317257367663e-13	-0.08	0.1
244	0.65	64326651.86340996	107648369.5822741	1.2436524781341107e-09	9.289504373177844e-10	1.4983764796796514e-13	1.1192173943587765e-13	-0.08	0.1
245	0.7000000000000001	69518759.93125142	118658022.73529227	1.1507685131195336e-09	8.427580174927115e-10	1.3864680880958236e-13	1.0153711054129055e-13	-0.08	0.1
246	0.75	74095516.24916832	130343910.31730953	1.0796874635568513e-09	7.672011661807581e-10	1.300828269345604e-13	9.243387544346483e-14	-0.08	0.1
247	0.8	77772839.819694	138334341.6011293	1.0286367346938775e-09	7.228862973760932e-10	1.2393213671010573e-13	8.709473462362569e-14	-0.08	0.1
248	0.8500000000000001	80960765.8935661	147200192.26147562	9.88132944606414e-10	6.793469387755101e-10	1.1905216200077277e-13	8.184902876813375e-14	-0.08	0.1
249	0.9	84043908.65431736	153822695.79880172	9.518833819241983e-10	6.500991253644315e-10	1.1468474481014437e-13	7.832519582703994e-14	-0.08	0.1
250	0.9500000000000001	86161853.66049719	159757801.58360502	9.284851311953352e-10	6.259475218658893e-10	1.118656784572693e-13	7.541536408022763e-14	-0.08	0.1
251	1.0	87915805.8777996	164773928.2488807	9.099615160349854e-10	6.068921282798833e-10	1.0963391759457656e-13	7.311953352769679e-14	-0.08	0.1
252	-0.05	86409302.98175076	162431452.03299776	9.258262390670555e-10	6.156443148688047e-10	1.1154533000807897e-13	7.417401383961502e-14	-0.08	0.1
253	-0.1	85363304.2318298	161443673.57312974	9.371708454810497e-10	6.194110787172013e-10	1.129121500579578e-13	7.462784080930136e-14	-0.08	0.1
254	-0.15000000000000002	81457592.18007116	153196126.7731447	9.821061224489796e-10	6.527580174927113e-10	1.1832603884927466e-13	7.864554427623028e-14	-0.08	0.1
255	-0.2	71489908.04271887	133013790.00108583	1.1190390670553934e-09	7.51801749271137e-10	1.3482398398257752e-13	9.057852400857072e-14	-0.08	0.1
256	-0.25	60087310.541031055	111698005.06711651	1.3313959183673469e-09	8.95271137026239e-10	1.604091467912466e-13	1.0786399241279989e-13	-0.08	0.1
257	-0.3	49197775.05572402	91350225.57912849	1.626089795918367e-09	1.0946880466472303e-09	1.9591443324317676e-13	1.3189012610207592e-13	-0.08	0.1
258	-0.35000000000000003	39452405.21645913	72922247.45091036	2.0277597667638482e-09	1.3713236151603498e-09	2.443084056341986e-13	1.6521971266992166e-13	-0.08	0.1
259	-0.4	31390421.80307315	58362315.98004452	2.548548104956268e-09	1.7134344023323614e-09	3.07053988548948e-13	2.0643787979907968e-13	-0.08	0.1
260	-0.45	24938707.491500482	46272188.3912118	3.20786472303207e-09	2.1611253644314865e-09	3.8648972566651446e-13	2.603765499315044e-13	-0.08	0.1
261	-0.5	20155674.67448292	37466029.34365634	3.9691055393586e-09	2.669084548104956e-09	4.782054866697109e-13	3.215764515789104e-13	-0.08	0.1
262	-0.55	16657407.155594755	30831793.241814744	4.802668221574343e-09	3.243405247813411e-09	5.786347254908847e-13	3.9077171660402545e-13	-0.08	0.1
263	-0.6000000000000001	13920691.829974374	25762239.316932622	5.746840816326531e-09	3.881650145772596e-09	6.923904597983772e-13	4.676686922617585e-13	-0.08	0.1
264	-0.6500000000000001	12474868.413778659	22752932.3421988	6.41289329446064e-09	4.395037900874635e-09	7.726377463205591e-13	5.295226386595945e-13	-0.08	0.1
265	-0.7000000000000001	11398446.488115374	20547042.54375981	7.01850029154519e-09	4.866880466472303e-09	8.456024447644807e-13	5.863711405388318e-13	-0.08	0.1
266	-0.7500000000000001	10634709.210464308	18938975.638845332	7.522537609329445e-09	5.280116618075801e-09	9.063298324493306e-13	6.361586286838315e-13	-0.08	0.1
267	-0.8	10075137.615217866	17756453.927437708	7.940338192419823e-09	5.631755102040817e-09	9.56667252098774e-13	6.78524711089255e-13	-0.08	0.1
268	-0.8500000000000001	9677723.348029556	16867519.648447454	8.266406997084546e-09	5.928553935860058e-09	9.9595265025115e-13	7.142836067301275e-13	-0.08	0.1
269	-0.9000000000000001	9379354.700396612	16213093.940462492	8.52937142857143e-09	6.167854227405249e-09	1.0276351118760759e-12	7.431149671572589e-13	-0.08	0.1
270	-0.9500000000000001	9150024.115515454	15709141.804545302	8.74314635568513e-09	6.365720116618076e-09	1.0533911271909796e-12	7.669542309178404e-13	-0.08	0.1
271	-1.0	8977478.307480989	15329238.981494972	8.91118833819242e-09	6.523481049562682e-09	1.0736371491798097e-12	7.859615722364677e-13	-0.08	0.1
272	-1.05	8828728.838077512	15005595.380901512	9.061327113702622e-09	6.664180758017492e-09	1.0917261582774244e-12	8.029133443394568e-13	-0.08	0.1
273	-1.1	8721836.478025803	14779068.013874229	9.172380174927113e-09	6.7663265306122445e-09	1.1051060451719413e-12	8.152200639291861e-13	-0.08	0.1
274	-1.1500000000000001	8635722.079804145	14573147.000990806	9.26384606413994e-09	6.8619358600583085e-09	1.1161260318240891e-12	8.26739260247989e-13	-0.08	0.1
275	-1.2000000000000002	8564273.247757185	14391906.29400441	9.341131195335277e-09	6.948349854227404e-09	1.1254374934138887e-12	8.371505848466753e-13	-0.08	0.1
276	-1.2500000000000002	8514910.278166976	14265442.029069893	9.395283965014577e-09	7.009947521865889e-09	1.1319619234957321e-12	8.445719905862517e-13	-0.08	0.1
277	0.0	10731815.985962914	14607343.533205517	7.454469970845478e-09	6.845871720116618e-09	8.981289121500576e-13	8.248038217007974e-13	-0.08	0.1
278	0.05	10907143.63849592	14770361.78343291	7.3346425655976686e-09	6.770314868804664e-09	8.836918753732131e-13	8.157005866029716e-13	-0.08	0.1
279	0.1	11023565.361707926	14897860.61509488	7.257180174927114e-09	6.712373177842565e-09	8.743590572201342e-13	8.087196599810319e-13	-0.08	0.1
280	0.15000000000000002	11860345.29856604	16071354.941730797	6.745166180758017e-09	6.2222507288629735e-09	8.126706241877129e-13	7.496687625136113e-13	-0.08	0.1
281	0.2	13890700.034585008	18995571.761171944	5.759248979591837e-09	5.264384839650146e-09	6.938854192279321e-13	6.342632336927887e-13	-0.08	0.1
282	0.25	16924765.224393774	23366682.516952768	4.7268011661807565e-09	4.279597667638484e-09	5.694941164073201e-13	5.156141768239138e-13	-0.08	0.1
283	0.30000000000000004	20949533.002538376	29371065.304808293	3.8187008746355685e-09	3.404711370262391e-09	4.60084442727177e-13	4.102061891882399e-13	-0.08	0.1
284	0.35000000000000003	25782107.367819723	36906880.60462724	3.1029271137026237e-09	2.7095218658892133e-09	3.738466402051354e-13	3.2644841757701365e-13	-0.08	0.1
285	0.4	31537387.895159792	46149168.10406302	2.5366717201166183e-09	2.166886297376093e-09	3.0562309880923114e-13	2.610706382380835e-13	-0.08	0.1
286	0.45	37912952.74476515	56998710.46649208	2.110096793002915e-09	1.7544256559766762e-09	2.542285292774596e-13	2.1137658505743087e-13	-0.08	0.1
287	0.5	44873556.00036632	69273336.83402675	1.7827871720116615e-09	1.443556851311953e-09	2.1479363518212788e-13	1.7392251220625942e-13	-0.08	0.1
288	0.55	51596637.644184776	81281546.956089	1.5504886297376092e-09	1.2302915451895044e-09	1.8680585900453123e-13	1.4822789701078367e-13	-0.08	0.1
289	0.6000000000000001	58013469.94969911	93877439.30809866	1.3789900874635567e-09	1.065218658892128e-09	1.6614338403175382e-13	1.283395974568829e-13	-0.08	0.1
290	0.65	63431593.74190924	105892958.58134311	1.2612011661807578e-09	9.44349854227405e-10	1.5195194773262142e-13	1.137770908707717e-13	-0.08	0.1
291	0.7000000000000001	68750977.14581221	117606720.38402197	1.163619825072886e-09	8.502915451895042e-10	1.4019515964733567e-13	1.0244476448066315e-13	-0.08	0.1
292	0.75	73069827.48703703	127041742.28675136	1.0948431486880466e-09	7.871428571428572e-10	1.3190881309494538e-13	9.483648881239244e-14	-0.08	0.1
293	0.8	76931013.29134649	135632093.00486377	1.0398927113702624e-09	7.372886297376094e-10	1.2528827847834487e-13	8.882995539007342e-14	-0.08	0.1
294	0.8500000000000001	79667394.43489572	144213385.35666537	1.0041749271137025e-09	6.934169096209912e-10	1.209849309775545e-13	8.354420597843267e-14	-0.08	0.1
295	0.9	82394484.61409114	151499090.12208268	9.70938775510204e-10	6.60069970845481e-10	1.1698057536267518e-13	7.952650251150374e-14	-0.08	0.1
296	0.9500000000000001	85250432.4657507	157252888.3183569	9.384116618075803e-10	6.359183673469386e-10	1.1306164600091329e-13	7.66166707646914e-14	-0.08	0.1
297	1.0	87143423.3391937	159138148.61554453	9.180268221574345e-10	6.283848396501457e-10	1.1060564122378728e-13	7.570901682531876e-14	-0.08	0.1
298	-0.05	85452199.08618464	158134474.2374507	9.36195918367347e-10	6.323731778425656e-10	1.1279468895992133e-13	7.618953949910428e-14	-0.08	0.1
299	-0.1	84730271.1862732	157444894.28699955	9.441725947521866e-10	6.351428571428571e-10	1.1375573430749236e-13	7.652323580034424e-14	-0.08	0.1
300	-0.15000000000000002	80098640.42482638	148191032.49833664	9.987685131195335e-10	6.748046647230321e-10	1.2033355579753416e-13	8.130176683410025e-14	-0.08	0.1
301	-0.2	70042025.21512908	130513530.79053912	1.1421714285714286e-09	7.66204081632653e-10	1.3761101549053356e-13	9.231374477501844e-14	-0.08	0.1
302	-0.25	59461895.8463352	109516085.77376468	1.345399416909621e-09	9.131078717201166e-10	1.6209631529031578e-13	1.1001299659278513e-13	-0.08	0.1
303	-0.3	48633166.96914702	88911700.0539173	1.644967930029154e-09	1.1247113702623906e-09	1.981889072324282e-13	1.3550739400751695e-13	-0.08	0.1
304	-0.35000000000000003	39091883.02067426	72152804.07253145	2.0464606413994167e-09	1.3859475218658894e-09	2.4656152306017067e-13	1.669816291404686e-13	-0.08	0.1
305	-0.4	31058825.233891975	57364574.44851404	2.575757434402332e-09	1.7432361516034988e-09	3.1033222101232915e-13	2.1002845200042153e-13	-0.08	0.1
306	-0.45	24664760.600813437	45742237.82229608	3.24349387755102e-09	2.186163265306122e-09	3.9078239488566506e-13	2.633931644947135e-13	-0.08	0.1
307	-0.5	20021995.007927075	36959773.112249956	3.99560583090379e-09	2.7056443148688047e-09	4.813982928799747e-13	3.2598124275527765e-13	-0.08	0.1
308	-0.55	16562959.04265131	30485040.99926943	4.830054810495627e-09	3.280297376093294e-09	5.819343145175454e-13	3.9521655133654144e-13	-0.08	0.1
309	-0.6000000000000001	13861262.902491877	25481511.417648662	5.771479883381923e-09	3.924413994169096e-09	6.953590220942076e-13	4.728209631529031e-13	-0.08	0.1
310	-0.6500000000000001	12437396.02264404	22587812.5909604	6.432214577259475e-09	4.427166180758018e-09	7.74965611718009e-13	5.33393515753978e-13	-0.08	0.1
311	-0.7000000000000001	11348431.931245046	20343285.529577833	7.049432069970845e-09	4.915626822157435e-09	8.493291650567283e-13	5.922441954406548e-13	-0.08	0.1
312	-0.7500000000000001	10606716.556373307	18823255.66590972	7.542390670553936e-09	5.312577259475217e-09	9.087217675366188e-13	6.400695493343635e-13	-0.08	0.1
313	-0.8	10039279.045126999	17608887.61114648	7.96869970845481e-09	5.678950437317783e-09	9.600843022234711e-13	6.842108960623835e-13	-0.08	0.1
314	-0.8500000000000001	9665080.992251594	16775044.211778332	8.277219825072886e-09	5.961236151603498e-09	9.97255400611191e-13	7.182212230847589e-13	-0.08	0.1
315	-0.9000000000000001	9352919.747040335	16116694.263960442	8.553478717201164e-09	6.2047463556851315e-09	1.030539604482068e-12	7.475598018897749e-13	-0.08	0.1
316	-0.9500000000000001	9143258.060061878	15639733.495293492	8.749616326530611e-09	6.3939708454810485e-09	1.054170641750676e-12	7.703579331904877e-13	-0.08	0.1
317	-1.0	8965440.448826157	15259785.615583312	8.923153352769677e-09	6.553172011661808e-09	1.0750787172011659e-12	7.895387965857599e-13	-0.08	0.1
318	-1.05	8840402.13262459	14961323.017144892	9.049362099125362e-09	6.683900874635568e-09	1.0902845902560678e-12	8.052892620042853e-13	-0.08	0.1
319	-1.1	8718719.370096674	14723380.728597013	9.175659475218658e-09	6.791918367346939e-09	1.1055011415926093e-12	8.183034177526432e-13	-0.08	0.1
320	-1.1500000000000001	8637044.207061427	14533725.871048992	9.262427988338192e-09	6.8805481049562665e-09	1.1159551793178546e-12	8.289816993923213e-13	-0.08	0.1
321	-1.2000000000000002	8573546.783820143	14373572.071520884	9.331027405247812e-09	6.957212827988338e-09	1.1242201693069653e-12	8.382184130106432e-13	-0.08	0.1
322	-1.2500000000000002	8509371.472518204	14242932.100662237	9.40139941690962e-09	7.021026239067054e-09	1.13269872492887e-12	8.459067757912113e-13	-0.08	0.1
323	0.0	10710168.477507398	14586570.658964276	7.469537026239067e-09	6.855620991253645e-09	8.999442200288033e-13	8.25978432681162e-13	-0.08	0.1
324	0.05	10884258.759765688	14740692.735202149	7.35006413994169e-09	6.7839416909621e-09	8.855498963785169e-13	8.173423724050723e-13	-0.08	0.1
325	0.1	10989609.532444982	14869147.169876758	7.279603498542273e-09	6.725335276967929e-09	8.770606624749726e-13	8.102813586708349e-13	-0.08	0.1
326	0.15000000000000002	11816869.52866883	16023140.59161359	6.769982507288629e-09	6.240973760932945e-09	8.156605430468228e-13	7.519245495099933e-13	-0.08	0.1
327	0.2	13896474.103940766	18999970.08751065	5.756855976676384e-09	5.263166180758018e-09	6.935971056236607e-13	6.34116407320243e-13	-0.08	0.1
328	0.25	16863738.046657983	23293718.166383702	4.743906705539358e-09	4.293002915451895e-09	5.715550247637781e-13	5.172292669219151e-13	-0.08	0.1
329	0.30000000000000004	20761605.919297278	29119965.769183103	3.853266472303207e-09	3.4340699708454803e-09	4.642489725666514e-13	4.137433699813832e-13	-0.08	0.1
330	0.35000000000000003	25880424.891687028	37035597.36367013	3.091139358600583e-09	2.7001049562682214e-09	3.724264287470582e-13	3.2531385015279774e-13	-0.08	0.1
331	0.4	31439623.091165744	45879413.38555295	2.5445597667638483e-09	2.1796268221574336e-09	3.0657346587516247e-13	2.6260564122378717e-13	-0.08	0.1
332	0.45	37575205.18472102	56203709.77256342	2.129063556851312e-09	1.7792419825072885e-09	2.565136815483508e-13	2.1436650391654079e-13	-0.08	0.1
333	0.5	44327043.11483418	68495339.12182185	1.8047673469387755e-09	1.4599533527696796e-09	2.1744184902876812e-13	1.7589799430959994e-13	-0.08	0.1
334	0.55	50760970.58527548	80212528.121156	1.576013994169096e-09	1.2466880466472301e-09	1.8988120411675856e-13	1.5020337911412413e-13	-0.08	0.1
335	0.6000000000000001	57056357.70843038	92796502.41054474	1.4021224489795915e-09	1.077626822157434e-09	1.6893041553970983e-13	1.2983455688643785e-13	-0.08	0.1
336	0.65	62852975.3462411	105091579.80525889	1.2728116618075801e-09	9.515510204081633e-10	1.533508026274193e-13	1.1464470125399558e-13	-0.08	0.1
337	0.7000000000000001	68215808.56615542	116109027.39225218	1.1727486880466472e-09	8.612594752186589e-10	1.4129502265622255e-13	1.0376620183357336e-13	-0.08	0.1
338	0.75	72135505.39018369	125609738.23370005	1.1090239067055394e-09	7.961166180758017e-10	1.336173381572939e-13	9.591766482840984e-14	-0.08	0.1
339	0.8	75724125.75061816	133604437.38119723	1.056466472303207e-09	7.484781341107872e-10	1.272851171449647e-13	9.01780884470828e-14	-0.08	0.1
340	0.8500000000000001	78949670.16070747	142281144.22247297	1.0133037900874635e-09	7.028338192419824e-10	1.220847939864414e-13	8.467877340264849e-14	-0.08	0.1
341	0.9	81819396.20625168	147488820.0894393	9.777632653061223e-10	6.780174927113702e-10	1.178028030489304e-13	8.168885454353859e-14	-0.08	0.1
342	0.9500000000000001	83825369.51591462	152317174.98268116	9.543650145772593e-10	6.565247813411078e-10	1.1498373669605533e-13	7.909937124591661e-14	-0.08	0.1
343	1.0	85089703.89775345	157996075.43276185	9.401842565597667e-10	6.32927113702624e-10	1.1327521163370683e-13	7.625627875935228e-14	-0.08	0.1
344	-0.05	83833154.91291617	155867998.4367758	9.542763848396503e-10	6.415685131195334e-10	1.149730584144157e-13	7.729741121922089e-14	-0.08	0.1
345	-0.1	83314710.99754184	154295996.4012596	9.602145772594752e-10	6.481049562682214e-10	1.1568850328427413e-13	7.808493449014716e-14	-0.08	0.1
346	-0.15000000000000002	78510183.43458019	146864884.3064381	1.0189760932944607e-09	6.808979591836735e-10	1.2276820401138081e-13	8.203589869682813e-14	-0.08	0.1
347	-0.2	69283971.36531845	128305839.22492799	1.1546682215743437e-09	7.793877551020409e-10	1.3911665320172815e-13	9.390213916892059e-14	-0.08	0.1
348	-0.25	58528827.580558196	106845594.09888358	1.3668478134110787e-09	9.359300291545189e-10	1.6468045944711792e-13	1.1276265411500227e-13	-0.08	0.1
349	-0.3	48002104.81532486	87009020.52702606	1.6665935860058306e-09	1.1493061224489798e-09	2.007944079525097e-13	1.3847061716252769e-13	-0.08	0.1
350	-0.35000000000000003	38608647.88688004	70711443.7091554	2.072074635568513e-09	1.4141982507288627e-09	2.496475464540377e-13	1.70385331413116e-13	-0.08	0.1
351	-0.4	30736254.263199117	56446224.68559618	2.602789504373178e-09	1.7715976676384839e-09	3.1358909691243105e-13	2.1344550212511854e-13	-0.08	0.1
352	-0.45	24569426.178544518	45365209.7777237	3.256079300291545e-09	2.204332361516035e-09	3.9229871087849943e-13	2.6558221223084756e-13	-0.08	0.1
353	-0.5	19834133.444975026	36548227.67734415	4.033450728862974e-09	2.7361107871720117e-09	4.859579191401173e-13	3.296519020689171e-13	-0.08	0.1
354	-0.55	16471980.345037565	30163127.1160357	4.856732361516035e-09	3.31530612244898e-09	5.851484772910886e-13	3.994344725842145e-13	-0.08	0.1
355	-0.6000000000000001	13858921.832448464	25389766.221691895	5.772454810495626e-09	3.938594752186589e-09	6.954764831922442e-13	4.745294882152516e-13	-0.08	0.1
356	-0.6500000000000001	12403044.712433781	22472528.480490178	6.450029154518951e-09	4.449877551020408e-09	7.771119463275844e-13	5.361298254241456e-13	-0.08	0.1
357	-0.7000000000000001	11306638.678066045	20219335.579664186	7.075489212827988e-09	4.945760932944606e-09	8.524685798587938e-13	5.958748111981454e-13	-0.08	0.1
358	-0.7500000000000001	10577507.22385151	18652881.29915415	7.563218658892128e-09	5.361102040816326e-09	9.11231163721943e-13	6.459159085320875e-13	-0.08	0.1
359	-0.8	10046206.692941062	17525125.307200633	7.96320466472303e-09	5.70609329446064e-09	9.594222487618108e-13	6.87481119814535e-13	-0.08	0.1
360	-0.8500000000000001	9666219.52181804	16707046.087092908	8.276244897959183e-09	5.985498542274052e-09	9.971379395131546e-13	7.211444026836207e-13	-0.08	0.1
361	-0.9000000000000001	9372050.741321016	16071927.263049189	8.536018658892128e-09	6.22202915451895e-09	1.0284359829990517e-12	7.49642066809512e-13	-0.08	0.1
362	-0.9500000000000001	9157078.8758204	15590838.22346262	8.736410495626822e-09	6.414023323615161e-09	1.052579577786364e-12	7.727738944114652e-13	-0.08	0.1
363	-1.0	8964728.107376013	15220159.83386508	8.923862390670553e-09	6.570233236151603e-09	1.0751641434542835e-12	7.915943658013979e-13	-0.08	0.1
364	-1.05	8837113.195948428	14916325.06977622	9.05273002915452e-09	6.704064139941691e-09	1.0906903649583758e-12	8.077185710773122e-13	-0.08	0.1
365	-1.1	8736694.371072628	14703953.262862958	9.15678134110787e-09	6.8008921282798836e-09	1.1032266676033579e-12	8.193845937686607e-13	-0.08	0.1
366	-1.1500000000000001	8656011.612683102	14516429.381591648	9.242131778425656e-09	6.8887463556851295e-09	1.1135098528223682e-12	8.299694404439915e-13	-0.08	0.1
367	-1.2000000000000002	8594526.764809648	14369682.065547537	9.308249562682216e-09	6.959096209912536e-09	1.1214758509255683e-12	8.384453264954863e-13	-0.08	0.1
368	-1.2500000000000002	8529876.950929584	14262511.715634624	9.37879883381924e-09	7.011387755102041e-09	1.1299757631107519e-12	8.447455126628966e-13	-0.08	0.1
369	0.0	10715890.196803728	14586570.65896428	7.465548688046647e-09	6.855620991253643e-09	8.994636973550177e-13	8.259784326811618e-13	-0.08	0.1
370	0.05	10878093.675926685	14740692.735202154	7.354229737609329e-09	6.7839416909620974e-09	8.860517756155818e-13	8.17342372405072e-13	-0.08	0.1
371	0.1	10991884.59226197	14851776.670846527	7.278096793002915e-09	6.733201166180757e-09	8.768791316870982e-13	8.112290561663563e-13	-0.08	0.1
372	0.15000000000000002	11812694.065688225	16006376.417707624	6.77237551020408e-09	6.2475102040816335e-09	8.15948856651094e-13	7.527120727809197e-13	-0.08	0.1
373	0.2	13826017.905297825	18882320.752826568	5.786192419825072e-09	5.29595918367347e-09	6.971316168463943e-13	6.380673715269241e-13	-0.08	0.1
374	0.25	16886453.12606156	23360030.511060264	4.737525364431487e-09	4.280816326530612e-09	5.707861884857213e-13	5.157610031964592e-13	-0.08	0.1
375	0.30000000000000004	20728707.74939416	29033792.62592456	3.85938192419825e-09	3.444262390670553e-09	4.649857739997892e-13	4.1497137236994616e-13	-0.08	0.1
376	0.35000000000000003	25499507.8520642	36330512.33436782	3.1373154518950434e-09	2.7525072886297374e-09	3.7798981348133053e-13	3.316273841722575e-13	-0.08	0.1
377	0.4	31200538.50492114	45258302.19351024	2.5640583090379005e-09	2.2095393586005835e-09	3.089226878358916e-13	2.6620956127717874e-13	-0.08	0.1
378	0.45	37413229.66705498	55797216.97146372	2.138281049562682e-09	1.792204081632653e-09	2.576242228388774e-13	2.1592820260634374e-13	-0.08	0.1
379	0.5	43851126.06623439	67335440.42874812	1.824354518950437e-09	1.4851020408163265e-09	2.1980174927113699e-13	1.789279567248586e-13	-0.08	0.1
380	0.55	50488397.972221084	80162662.42871834	1.5845224489795916e-09	1.2474635568513119e-09	1.9090631915416766e-13	1.5029681407847132e-13	-0.08	0.1
381	0.6000000000000001	56765711.52426694	92407000.30173716	1.409301457725947e-09	1.0821690962099123e-09	1.6979535635252373e-13	1.3038181882047137e-13	-0.08	0.1
382	0.65	62066394.756746784	103738832.19714615	1.288942274052478e-09	9.639591836734693e-10	1.5529424988584074e-13	1.161396606835505e-13	-0.08	0.1
383	0.7000000000000001	66995589.61978539	114199339.44172174	1.1941084548104954e-09	8.756618075801748e-10	1.4386848853138498e-13	1.0550142260002106e-13	-0.08	0.1
384	0.75	71179842.200723	124312295.68205048	1.1239137026239067e-09	8.044256559766763e-10	1.3541128947275984e-13	9.691875373212967e-14	-0.08	0.1
385	0.8	74838867.33665271	132408915.79101783	1.0689632653061226e-09	7.552361516034985e-10	1.2879075485615935e-13	9.099230742210826e-14	-0.08	0.1
386	0.8500000000000001	77933999.21838787	139618186.99881956	1.0265096209912537e-09	7.162390670553936e-10	1.2367585795075346e-13	8.629386350064983e-14	-0.08	0.1
387	0.9	80729056.34087904	145986022.79595155	9.909690962099125e-10	6.84997084548105e-10	1.1939386701324246e-13	8.252976922266325e-14	-0.08	0.1
388	0.9500000000000001	82673711.20602386	149988630.59942976	9.676594752186588e-10	6.667172011661809e-10	1.1658547894200708e-13	8.032737363447962e-14	-0.08	0.1
389	1.0	84579420.81590782	154878445.25521082	9.45856559766764e-10	6.456676384839649e-10	1.1395862165864626e-13	7.779128174505602e-14	-0.08	0.1
390	-0.05	83245557.40545686	153014337.84495142	9.61012244897959e-10	6.535335276967931e-10	1.157846078190312e-13	7.873897924057747e-14	-0.08	0.1
391	-0.1	82079801.66839759	151118630.32770276	9.74661224489796e-10	6.617317784256559e-10	1.174290631915417e-13	7.97267202922477e-14	-0.08	0.1
392	-0.15000000000000002	77632371.11442061	142753689.53777772	1.0304979591836736e-09	7.005072886297376e-10	1.2415638062453898e-13	8.439846850960694e-14	-0.08	0.1
393	-0.2	68516136.24923095	125174258.62534577	1.167608163265306e-09	7.988862973760934e-10	1.4067568232112119e-13	9.625136112964981e-14	-0.08	0.1
394	-0.25	57905541.374606654	104932757.37588565	1.3815603498542272e-09	9.52991253644315e-10	1.664530541993045e-13	1.1481822333064037e-13	-0.08	0.1
395	-0.3	46941160.69204682	85614301.33238818	1.704261224489796e-09	1.1680291545189502e-09	2.0533267764937302e-13	1.4072640415890967e-13	-0.08	0.1
396	-0.35000000000000003	38211479.9317318	69884761.454581	2.09361166180758e-09	1.430927113702624e-09	2.5224236889247954e-13	1.724008570726053e-13	-0.08	0.1
397	-0.4	30427492.969741058	56057109.61044395	2.629201166180758e-09	1.7838950437317784e-09	3.167712248410552e-13	2.149271137026239e-13	-0.08	0.1
398	-0.45	24324446.99114392	45050488.068844505	3.2888723032069965e-09	2.219731778425656e-09	3.962496750851803e-13	2.6743756366574166e-13	-0.08	0.1
399	-0.5	19787175.372062355	36224078.13417483	4.043022740524781e-09	2.760594752186589e-09	4.871111735572025e-13	3.326017773718782e-13	-0.08	0.1
400	-0.55	16413870.725694075	30006701.20499214	4.873926530612244e-09	3.3325889212827984e-09	5.87220063929186e-13	4.015167375039516e-13	-0.08	0.1
401	-0.6000000000000001	13661126.011341525	25041797.168743752	5.8560326530612235e-09	3.99332361516035e-09	7.055461027784606e-13	4.81123327127753e-13	-0.08	0.1
402	-0.6500000000000001	12352970.83546419	22339601.013423298	6.476174927113703e-09	4.476355685131196e-09	7.802620394112896e-13	5.393199620639995e-13	-0.08	0.1
403	-0.7000000000000001	11317270.947344668	20203043.53255223	7.068841982507287e-09	4.9497492711370256e-09	8.516677087358177e-13	5.963553338719308e-13	-0.08	0.1
404	-0.7500000000000001	10580855.007119713	18634782.17406517	7.560825655976677e-09	5.366309037900874e-09	9.109428501176719e-13	6.465432575784185e-13	-0.08	0.1
405	-0.8	10041959.58155184	17521383.239136744	7.966572594752185e-09	5.7073119533527694e-09	9.598280234641187e-13	6.876279461870807e-13	-0.08	0.1
406	-0.8500000000000001	9656292.299064664	16683268.870090352	8.284753352769678e-09	5.9940291545189505e-09	9.981630545505637e-13	7.221721872914398e-13	-0.08	0.1
407	-0.9000000000000001	9363203.864519082	16064204.362906769	8.544083965014577e-09	6.225020408163265e-09	1.0294077066282623e-12	7.500024588148512e-13	-0.08	0.1
408	-0.9500000000000001	9123849.743228799	15546798.583292313	8.768228571428572e-09	6.4321924198250736e-09	1.0564130808950088e-12	7.749629421475992e-13	-0.08	0.1
409	-1.0	8958677.772292875	15178697.074803984	8.929889212827987e-09	6.5881807580174925e-09	1.0758902666057816e-12	7.937567178334329e-13	-0.08	0.1
410	-1.05	8834431.927997578	14902779.99847062	9.055477551020407e-09	6.710157434402332e-09	1.0910213916892056e-12	8.0845270294004e-13	-0.08	0.1
411	-1.1	8730018.94643179	14685054.809933433	9.163783090379008e-09	6.809644314868805e-09	1.1040702518528926e-12	8.204390740805789e-13	-0.08	0.1
412	-1.1500000000000001	8637044.207061427	14479868.760886287	9.262427988338192e-09	6.9061399416909615e-09	1.1159551793178546e-12	8.320650532157785e-13	-0.08	0.1
413	-1.2000000000000002	8591009.345916115	14332490.376756463	9.312060641399417e-09	6.977154518950437e-09	1.1219350170360744e-12	8.406210263795707e-13	-0.08	0.1
414	-1.2500000000000002	8528426.26417136	14205498.480467234	9.38039416909621e-09	7.039527696793003e-09	1.1301679721802662e-12	8.481358670834943e-13	-0.08	0.1
415	0.0	10693039.922137214	14537002.81755087	7.481502040816325e-09	6.878997084548104e-09	9.013857880501596e-13	8.287948294636269e-13	-0.08	0.1
416	0.05	10858464.505484	14691986.570753269	7.367524198250729e-09	6.806431486880466e-09	8.876535178615336e-13	8.200519863711405e-13	-0.08	0.1
417	0.1	10964912.280701755	14818130.133423654	7.296e-09	6.7484897959183675e-09	8.790361445783132e-13	8.130710597492009e-13	-0.08	0.1
418	0.15000000000000002	11789704.666179495	15956293.711173408	6.785581341107873e-09	6.2671195335276965e-09	8.175399206154064e-13	7.550746425936984e-13	-0.08	0.1
419	0.2	13781055.58868009	18851167.013645392	5.805070553935859e-09	5.30471137026239e-09	6.994060908356457e-13	6.391218518388422e-13	-0.08	0.1
420	0.25	16716947.475643458	23101158.829559248	4.785562682215743e-09	4.328787172011662e-09	5.765738171344268e-13	5.215406231339351e-13	-0.08	0.1
421	0.30000000000000004	20621209.424914755	28879589.791949086	3.879500874635567e-09	3.462653061224489e-09	4.674097439319961e-13	4.1718711581017937e-13	-0.08	0.1
422	0.35000000000000003	25322810.4628242	36141404.56245719	3.1592069970845475e-09	2.7669096209912542e-09	3.8062734904633103e-13	3.333626049387053e-13	-0.08	0.1
423	0.4	31020399.303985447	45068483.071068935	2.578948104956268e-09	2.218845481049562e-09	3.107166391513576e-13	2.673307808493448e-13	-0.08	0.1
424	0.45	37034077.829867825	55420370.78328535	2.1601725947521863e-09	1.8043906705539359e-09	2.6026175840387784e-13	2.173964663317995e-13	-0.08	0.1
425	0.5	43414534.12281124	66683775.04043798	1.8427008746355683e-09	1.4996151603498542e-09	2.220121535705504e-13	1.8067652534335592e-13	-0.08	0.1
426	0.55	49866392.95880716	78756790.76410161	1.6042868804664722e-09	1.2697317784256559e-09	1.9328757595981591e-13	1.5297973234044048e-13	-0.08	0.1
427	0.6000000000000001	56022317.46197669	91046154.82624252	1.428002332361516e-09	1.0983440233236153e-09	1.720484737784959e-13	1.323306052197127e-13	-0.08	0.1
428	0.65	61407686.16554653	102038387.85296956	1.3027685131195334e-09	9.800233236151602e-10	1.5696006182163054e-13	1.1807509923074219e-13	-0.08	0.1
429	0.7000000000000001	66467715.68095497	113381683.07340391	1.2035918367346939e-09	8.819766763848396e-10	1.450110646668306e-13	1.0626225016684814e-13	-0.08	0.1
430	0.75	70156348.43365215	122374129.46683413	1.1403102040816326e-09	8.171661807580175e-10	1.3738677157610031e-13	9.845375671783343e-14	-0.08	0.1
431	0.8	74034742.36773035	130570169.09407903	1.0805737609329447e-09	7.658717201166182e-10	1.301896097509572e-13	9.227370121886966e-14	-0.08	0.1
432	0.8500000000000001	77049217.15299775	137282369.421653	1.0382973760932943e-09	7.284256559766764e-10	1.2509606940883065e-13	8.776212722610558e-14	-0.08	0.1
433	0.9	79653333.82874767	144236430.00117743	1.004352186588921e-09	6.933061224489797e-10	1.2100628754083385e-13	8.35308581263831e-14	-0.08	0.1
434	0.9500000000000001	81450241.73861834	148899963.5347028	9.821947521865888e-10	6.71591836734694e-10	1.1833671713091431e-13	8.091467912466192e-14	-0.08	0.1
435	1.0	83391683.19912866	153118164.3676622	9.593282798833818e-10	6.530903790087463e-10	1.1558172046787733e-13	7.868558783237906e-14	-0.08	0.1
436	-0.05	81619638.20846085	151270584.70711723	9.801562682215743e-10	6.61067055393586e-10	1.1809111665320173e-13	7.964663317995012e-14	-0.08	0.1
437	-0.1	81142716.55406046	149541348.40082312	9.859172011661807e-10	6.687113702623908e-10	1.187852049597808e-13	8.056763497137238e-14	-0.08	0.1
438	-0.15000000000000002	76976938.33765723	142281144.22247297	1.0392723032069968e-09	7.028338192419824e-10	1.2521353050686707e-13	8.467877340264849e-14	-0.08	0.1
439	-0.2	67587538.67071272	124741788.13534667	1.1836501457725948e-09	8.016559766763849e-10	1.42608451297903e-13	9.658505743088974e-14	-0.08	0.1
440	-0.25	57288117.4757152	104495436.32176065	1.3964501457725943e-09	9.569795918367347e-10	1.682470055147704e-13	1.1529874600442586e-13	-0.08	0.1
441	-0.3	46960698.13991824	85234332.28964762	1.7035521865889212e-09	1.1732361516034987e-09	2.0524725139625557e-13	1.413537532052408e-13	-0.08	0.1
442	-0.35000000000000003	37884310.37301135	69236141.66966084	2.1116921282798832e-09	1.4443323615160352e-09	2.544207383469739e-13	1.7401594717060666e-13	-0.08	0.1
443	-0.4	30317118.830731485	55717998.700454846	2.6387731778425654e-09	1.7947521865889213e-09	3.179244792581404e-13	2.162352032034845e-13	-0.08	0.1
444	-0.45	24117123.438890867	44361899.982669115	3.317145189504373e-09	2.254186588921283e-09	3.996560469282377e-13	2.715887456531666e-13	-0.08	0.1
445	-0.5	19591760.265396956	36008759.68194712	4.083349271137025e-09	2.7771020408163266e-09	4.91969791703256e-13	3.345906073272683e-13	-0.08	0.1
446	-0.55	16308590.871183055	29746624.668711066	4.905390087463556e-09	3.3617259475218654e-09	5.910108539112718e-13	4.0502722259299586e-13	-0.08	0.1
447	-0.6000000000000001	13666917.691685494	24980809.203425363	5.8535510204081635e-09	4.0030728862973756e-09	7.052471108925498e-13	4.822979381081175e-13	-0.08	0.1
448	-0.6500000000000001	12243886.802232314	22066534.138793997	6.533872886297376e-09	4.531749271137026e-09	7.8721360075872e-13	5.459938880887984e-13	-0.08	0.1
449	-0.7000000000000001	11279228.987421194	20068736.88657244	7.092683381924198e-09	4.982874635568513e-09	8.545401664968913e-13	6.003463416347606e-13	-0.08	0.1
450	-0.7500000000000001	10518097.567467617	18520838.373017248	7.605938192419825e-09	5.399323615160349e-09	9.16378095472268e-13	6.505209174891987e-13	-0.08	0.1
451	-0.8	10001901.236036705	17383706.550869897	7.998479300291545e-09	5.7525131195335275e-09	9.63672204854403e-13	6.930738698233165e-13	-0.08	0.1
452	-0.8500000000000001	9632077.119520318	16598594.684578309	8.305581341107871e-09	6.024606413994169e-09	1.000672450735888e-12	7.258561944571288e-13	-0.08	0.1
453	-0.9000000000000001	9350110.10231692	15982569.214309948	8.556048979591836e-09	6.256816326530612e-09	1.0308492746496187e-12	7.538332923530857e-13	-0.08	0.1
454	-0.9500000000000001	9131695.556192143	15517932.486588074	8.760695043731777e-09	6.444157434402332e-09	1.0555054269556357e-12	7.764045101689556e-13	-0.08	0.1
455	-1.0	8967489.061232002	15149909.012208266	8.921114868804664e-09	6.60069970845481e-09	1.0748331167234535e-12	7.952650251150373e-13	-0.08	0.1
456	-1.05	8822601.911340825	14846402.49592698	9.067619825072885e-09	6.735638483965014e-09	1.0924843162738416e-12	8.115227089114475e-13	-0.08	0.1
457	-1.1	8718550.941247644	14633392.976142025	9.175836734693875e-09	6.833685131195335e-09	1.1055224981558886e-12	8.233355579753416e-13	-0.08	0.1
458	-1.1500000000000001	8635804.700899031	14450660.05390981	9.263757434402332e-09	6.920099125364432e-09	1.1161153535424497e-12	8.33746882574028e-13	-0.08	0.1
459	-1.2000000000000002	8574361.210089847	14300926.51658616	9.33014110787172e-09	6.9925539358600566e-09	1.1241133864905687e-12	8.424763778144647e-13	-0.08	0.1
460	-1.2500000000000002	8524238.161746798	14196784.821443353	9.385002915451895e-09	7.043848396501458e-09	1.1307232428255294e-12	8.486564333134287e-13	-0.08	0.1
